<?xml version="1.0" encoding="UTF-8"?>
<project-private xmlns="http://www.netbeans.org/ns/project-private/1">
    <editor-bookmarks xmlns="http://www.netbeans.org/ns/editor-bookmarks/2" lastBookmarkId="0"/>
    <open-files xmlns="http://www.netbeans.org/ns/projectui-open-files/2">
        <group>
            <file>file:/C:/Users/emanu/OneDrive/Documentos/NetBeansProjects/pr_1/src/vista/frm_cliente.java</file>
            <file>file:/C:/Users/emanu/OneDrive/Documentos/NetBeansProjects/pr_1/src/modelo/Persona.java</file>
            <file>file:/C:/Users/emanu/OneDrive/Documentos/NetBeansProjects/pr_1/src/modelo/Cliente.java</file>
        </group>
    </open-files>
</project-private>
